{
  "version": 1,
  "width": 80,
  "height": 18,
  "duration": 64.001766,
  "command": null,
  "title": null,
  "env": {
    "TERM": "xterm-256color",
    "SHELL": "/bin/zsh"
  },
  "stdout": [
    [
      0.160654,
      "\u001b]7;file://MAC7432/Users/aprates\u0007"
    ],
    [
      0.207244,
      "\u001b[1m\u001b[7m%\u001b[27m\u001b[1m\u001b[0m                                                                               \r \r"
    ],
    [
      5.8e-05,
      "\u001b]2;aprates@MAC7432\u0007\u001b]1;~\u0007"
    ],
    [
      0.00309,
      "\u001b]7;file://MAC7432/Users/aprates\u0007"
    ],
    [
      0.018929,
      "\r\u001b[0m\u001b[27m\u001b[24m\u001b[J\u001b[01;32m➜  \u001b[36m~\u001b[00m \u001b[K"
    ],
    [
      0.000231,
      "\u001b[?1h\u001b="
    ],
    [
      3.3e-05,
      "\u001b[?2004h"
    ],
    [
      0.740196,
      "c"
    ],
    [
      0.141302,
      "\bcd"
    ],
    [
      0.552053,
      " "
    ],
    [
      0.487996,
      "d"
    ],
    [
      0.168385,
      "e"
    ],
    [
      0.239646,
      "v"
    ],
    [
      0.167648,
      "e"
    ],
    [
      0.560467,
      "l"
    ],
    [
      0.199748,
      "o"
    ],
    [
      0.20791,
      "p"
    ],
    [
      0.376292,
      "m"
    ],
    [
      0.215859,
      "e"
    ],
    [
      0.119945,
      "n"
    ],
    [
      0.192078,
      "t"
    ],
    [
      0.719989,
      "/"
    ],
    [
      1.111637,
      "i"
    ],
    [
      0.232275,
      "n"
    ],
    [
      0.135911,
      "c"
    ],
    [
      0.400279,
      "\u001b[15DD\u001b[14Credible_long_name\u001b[1m/\u001b[0m"
    ],
    [
      0.847021,
      "\b\u001b[0m \b"
    ],
    [
      5.5e-05,
      "\u001b[?1l\u001b>"
    ],
    [
      8.7e-05,
      "\u001b[?2004l\r\r\n"
    ],
    [
      0.003269,
      "\u001b]2;cd Development/incredible_long_name\u0007\u001b]1;cd\u0007"
    ],
    [
      0.000247,
      "\u001b[1m\u001b[7m%\u001b[27m\u001b[1m\u001b[0m                                                                               \r \r"
    ],
    [
      0.000176,
      "\u001b]2;aprates@MAC7432\u0007\u001b]1;..ble_long_name\u0007"
    ],
    [
      0.004174,
      "\u001b]7;file://MAC7432/Users/aprates/Development/incredible_long_name\u0007"
    ],
    [
      0.015165,
      "\r\u001b[0m\u001b[27m\u001b[24m\u001b[J\u001b[01;32m➜  \u001b[36mincredible_long_name\u001b[00m \u001b[K"
    ],
    [
      4.4e-05,
      "\u001b[?1h\u001b="
    ],
    [
      6.9e-05,
      "\u001b[?2004h"
    ],
    [
      1.34561,
      "l"
    ],
    [
      0.159783,
      "\bls"
    ],
    [
      0.327278,
      "\u001b[?1l\u001b>"
    ],
    [
      3.2e-05,
      "\u001b[?2004l\r\r\n"
    ],
    [
      0.000972,
      "\u001b]2;ls -G\u0007\u001b]1;ls\u0007"
    ],
    [
      0.004691,
      "README.md\r\n"
    ],
    [
      0.000465,
      "\u001b[1m\u001b[7m%\u001b[27m\u001b[1m\u001b[0m                                                                               \r \r"
    ],
    [
      0.000127,
      "\u001b]2;aprates@MAC7432\u0007"
    ],
    [
      2.4e-05,
      "\u001b]1;..ble_long_name\u0007"
    ],
    [
      0.00381,
      "\u001b]7;file://MAC7432/Users/aprates/Development/incredible_long_name\u0007"
    ],
    [
      0.015409,
      "\r\u001b[0m\u001b[27m\u001b[24m\u001b[J\u001b[01;32m➜  \u001b[36mincredible_long_name\u001b[00m \u001b[K"
    ],
    [
      0.000131,
      "\u001b[?1h\u001b="
    ],
    [
      3.5e-05,
      "\u001b[?2004h"
    ],
    [
      0.919177,
      "g"
    ],
    [
      0.223752,
      "\bgo"
    ],
    [
      0.680163,
      "2"
    ],
    [
      0.311927,
      " "
    ],
    [
      0.408057,
      "-"
    ],
    [
      0.503657,
      "a"
    ],
    [
      0.304152,
      " "
    ],
    [
      0.432128,
      "."
    ],
    [
      0.255906,
      " "
    ],
    [
      0.384238,
      "i"
    ],
    [
      0.271836,
      "n"
    ],
    [
      0.191764,
      "c"
    ],
    [
      2.75129,
      "\u001b[?1l\u001b>"
    ],
    [
      2.9e-05,
      "\u001b[?2004l\r\r\n"
    ],
    [
      0.00157,
      "\u001b]2;go2 -a . inc\u0007\u001b]1;go2\u0007"
    ],
    [
      0.041968,
      "Mapping inc to /Users/aprates/Development/incredible_long_name\r\n"
    ],
    [
      0.000226,
      "\u001b[1m\u001b[7m%\u001b[27m\u001b[1m\u001b[0m                                                                               \r \r"
    ],
    [
      7.7e-05,
      "\u001b]2;aprates@MAC7432\u0007"
    ],
    [
      2.5e-05,
      "\u001b]1;..ble_long_name\u0007"
    ],
    [
      0.003473,
      "\u001b]7;file://MAC7432/Users/aprates/Development/incredible_long_name\u0007"
    ],
    [
      0.014794,
      "\r\u001b[0m\u001b[27m\u001b[24m\u001b[J\u001b[01;32m➜  \u001b[36mincredible_long_name\u001b[00m \u001b[K"
    ],
    [
      3.1e-05,
      "\u001b[?1h\u001b="
    ],
    [
      7.6e-05,
      "\u001b[?2004h"
    ],
    [
      3.202488,
      "g"
    ],
    [
      0.263816,
      "\bgo"
    ],
    [
      0.336129,
      "2"
    ],
    [
      0.151877,
      " "
    ],
    [
      0.54421,
      "-"
    ],
    [
      0.880109,
      "l"
    ],
    [
      2.86302,
      "\u001b[?1l\u001b>"
    ],
    [
      3.1e-05,
      "\u001b[?2004l\r\r\n"
    ],
    [
      0.003473,
      "\u001b]2;go2 -l\u0007\u001b]1;go2\u0007"
    ],
    [
      0.000345,
      "Mapped dirs in /Users/aprates/.local/share/go2dir/locations.txt\r\n\r\n"
    ],
    [
      0.007203,
      "  doc_pa|/Users/aprates/Documents/project_a\r\n"
    ],
    [
      5.3e-05,
      "  inc|/Users/aprates/Development/incredible_long_name\r\n"
    ],
    [
      4.8e-05,
      "  pa|/Users/aprates/development/project_a\r\n"
    ],
    [
      5.8e-05,
      "  pb|/Users/aprates/development/project_b\r\n"
    ],
    [
      0.000197,
      "\r\n"
    ],
    [
      0.000167,
      "\u001b[1m\u001b[7m%\u001b[27m\u001b[1m\u001b[0m                                                                               \r \r"
    ],
    [
      4.2e-05,
      "\u001b]2;aprates@MAC7432\u0007"
    ],
    [
      2.2e-05,
      "\u001b]1;..ble_long_name\u0007"
    ],
    [
      0.003925,
      "\u001b]7;file://MAC7432/Users/aprates/Development/incredible_long_name\u0007"
    ],
    [
      0.014705,
      "\r\u001b[0m\u001b[27m\u001b[24m\u001b[J\u001b[01;32m➜  \u001b[36mincredible_long_name\u001b[00m \u001b[K"
    ],
    [
      9.1e-05,
      "\u001b[?1h\u001b=\u001b[?2004h"
    ],
    [
      3.466322,
      "g"
    ],
    [
      0.271972,
      "\bgo"
    ],
    [
      0.368096,
      "2"
    ],
    [
      0.81596,
      " "
    ],
    [
      1.616025,
      "d"
    ],
    [
      0.216013,
      "o"
    ],
    [
      0.288094,
      "c"
    ],
    [
      0.815774,
      "_"
    ],
    [
      0.368287,
      "p"
    ],
    [
      0.383862,
      "a"
    ],
    [
      1.383025,
      "\u001b[?1l\u001b>"
    ],
    [
      3.1e-05,
      "\u001b[?2004l\r\r\n"
    ],
    [
      0.003488,
      "\u001b]2;go2 doc_pa\u0007\u001b]1;go2\u0007"
    ],
    [
      0.033257,
      "go to doc_pa at /Users/aprates/Documents/project_a\r\n"
    ],
    [
      0.000102,
      "\u001b[1m\u001b[7m%\u001b[27m\u001b[1m\u001b[0m                                                                               \r \r"
    ],
    [
      8.5e-05,
      "\u001b]2;aprates@MAC7432\u0007"
    ],
    [
      1.7e-05,
      "\u001b]1;..nts/project_a\u0007"
    ],
    [
      0.002973,
      "\u001b]7;file://MAC7432/Users/aprates/Documents/project_a\u0007"
    ],
    [
      0.012486,
      "\r\u001b[0m\u001b[27m\u001b[24m\u001b[J\u001b[01;32m➜  \u001b[36mproject_a\u001b[00m \u001b[K"
    ],
    [
      3.3e-05,
      "\u001b[?1h\u001b="
    ],
    [
      1.7e-05,
      "\u001b[?2004h"
    ],
    [
      1.836433,
      "l"
    ],
    [
      0.14391,
      "\bls"
    ],
    [
      0.159184,
      "\u001b[?1l\u001b>"
    ],
    [
      3.1e-05,
      "\u001b[?2004l\r\r\n"
    ],
    [
